{"teoria_id":"automata_celular_crecimiento_urbano","titulo":"La mancha urbana crece por contagio de borde","parametros":{"grid_size":100,"p_base":0.001,"p_difusion":1.0,"n_pasos":50,"semilla":7,"nucleo_tam":3,"regla":"p_base solo actua en celdas fronterizas (k_i >= 1); p_i=0 para celdas aisladas"},"series":{"celdas_urbanas_por_paso":[9,10,13,21,29,40,53,66,79,96,114,136,158,194,222,253,293,329,362,397,428,468,509,555,607,663,718,781,843,902,965,1041,1115,1192,1273,1343,1401,1492,1584,1654,1730,1809,1897,1985,2072,2164,2255,2361,2454,2560,2672],"perimetro_por_paso":[12,14,20,30,38,46,52,58,58,66,72,82,96,106,116,126,138,120,120,130,144,146,150,172,196,206,216,238,230,256,242,272,260,250,254,272,276,308,306,306,312,330,312,318,318,348,346,368,372,400,406],"compacidad_por_paso":[0.7854,0.6411,0.4084,0.2932,0.2524,0.2375,0.2463,0.2465,0.2951,0.2769,0.2763,0.2542,0.2154,0.217,0.2073,0.2003,0.1933,0.2871,0.3159,0.2952,0.2594,0.2759,0.2843,0.2357,0.1986,0.1963,0.1934,0.1733,0.2003,0.173,0.2071,0.1768,0.2073,0.2397,0.248,0.2281,0.2311,0.1976,0.2126,0.222,0.2233,0.2087,0.2449,0.2467,0.2575,0.2245,0.2367,0.2191,0.2228,0.2011,0.2037]},"resultados_finales":{"celdas_urbanas_paso_0":9,"celdas_urbanas_paso_15":253,"celdas_urbanas_paso_30":965,"celdas_urbanas_paso_50":2672,"fraccion_conexo_principal":1.0,"fraccion_conexo_por_paso":{"5":1.0,"10":1.0,"15":1.0,"20":1.0,"30":1.0,"50":1.0},"compacidad_isoperimetrica_final":0.20370151108718795,"dimension_fractal":1.6812359671213561,"crecimiento_monotono":true},"validacion":{"componente_conexo_principal_gt90pct_todos_pasos":true,"fraccion_conexo_final":1.0,"compacidad_isoperimetrica_final":0.20370151108718795,"medida_primaria_compacidad":"compacidad_isoperimetrica (4*pi*Area/Perimetro^2)","dimension_fractal_en_rango_1_6_2_0":true,"dimension_fractal":1.6812359671213561,"dimension_fractal_nota":"indicador secundario; cajas que dividen la rejilla (1,2,4,5,10,20,25,50); para blob casi-disco D->2","crecimiento_monotono":true},"panel":{"formula":"p_i = p_base + p_difusion × (k_i / 8)","formula_latex":"p_i = p_{base} + p_{difusion} \\cdot \\frac{k_i}{8}","regla_fronteriza":"k_i = 0 → p_i = 0  (sin nucleación espontánea)","autores":"White & Engelen 1993 / Clarke 1997","antecedente":"Tobler 1979 (geografía celular)","anio":"White-Engelen 1993 / Clarke 1997 (regla); Tobler 1979 (antecedente)","criterio_validacion":{"celdas_paso_50":2672,"conexidad_todos_pasos":"100%","compacidad_isoperimetrica_final":0.204,"dimension_fractal_box_counting":1.681,"nota_df":"indicador secundario; blob compacto → D→2"},"preguntas_ia":[{"n":4,"tipo":"forma_cerrada","enunciado_corto":"p_i con k=6 vecinos","valor_correcto":"0.751","tolerancia":"+-0.001 (0.751)","sujetos":{"qwen2.5:3b":{"respuesta":"0.751","veredicto":"CORRECTO"},"qwen3:14b":{"respuesta":"0.751","veredicto":"CORRECTO"},"gpt-oss:20b":{"respuesta":"0.751","veredicto":"CORRECTO"},"qwen3:32b":{"respuesta":"0.751","veredicto":"CORRECTO"},"claude-sonnet":{"respuesta":"Respuesta final: 0.751","veredicto":"CORRECTO"},"claude-opus":{"respuesta":"Respuesta final: 0.751","veredicto":"CORRECTO"}}},{"n":5,"tipo":"forma_cerrada","enunciado_corto":"p_i celda aislada (k=0)","valor_correcto":"0.0","tolerancia":"igualdad exacta (0.0)","sujetos":{"qwen2.5:3b":{"respuesta":"0","veredicto":"CORRECTO"},"qwen3:14b":{"respuesta":"0","veredicto":"CORRECTO"},"gpt-oss:20b":{"respuesta":"0","veredicto":"CORRECTO"},"qwen3:32b":{"respuesta":"0**","veredicto":"CORRECTO"},"claude-sonnet":{"respuesta":"Respuesta final: 0","veredicto":"CORRECTO"},"claude-opus":{"respuesta":"Respuesta final: 0","veredicto":"CORRECTO"}}},{"n":6,"tipo":"emergente","enunciado_corto":"celdas urbanas en paso 50","valor_correcto":"2672","tolerancia":"valor exacto determinista: 2672 (simulacion compacta con regla fronteriza corregida)","sujetos":{"qwen2.5:3b":{"respuesta":"<valor>","veredicto":"SIN_RESPUESTA*"},"qwen3:14b":{"respuesta":"158","veredicto":"INCORRECTO"},"gpt-oss:20b":{"respuesta":"SIN_RESPUESTA","veredicto":"SIN_RESPUESTA*"},"qwen3:32b":{"respuesta":"121**","veredicto":"INCORRECTO"},"claude-sonnet":{"respuesta":"Respuesta final: 10000","veredicto":"INCORRECTO"},"claude-opus":{"respuesta":"No determinable sin ejecutar codigo","veredicto":"SIN_RESPUESTA*"}}}],"caso_emblematico":{"descripcion":"Pregunta n=6 (emergente): ¿cuántas celdas urbanas tras 50 pasos?","valor_correcto":2672,"rendimiento_ia":[{"sujeto":"qwen2.5:3b","respuesta_raw":"<valor>","respuesta_num":null,"veredicto":"SIN_RESPUESTA*"},{"sujeto":"qwen3:14b","respuesta_raw":"158","respuesta_num":"158","veredicto":"INCORRECTO"},{"sujeto":"gpt-oss:20b","respuesta_raw":"SIN_RESPUESTA","respuesta_num":null,"veredicto":"SIN_RESPUESTA*"},{"sujeto":"qwen3:32b","respuesta_raw":"121**","respuesta_num":"121","veredicto":"INCORRECTO"},{"sujeto":"claude-sonnet","respuesta_raw":"Respuesta final: 10000","respuesta_num":"10000","veredicto":"INCORRECTO"},{"sujeto":"claude-opus","respuesta_raw":"No determinable sin ejecutar codigo","respuesta_num":null,"veredicto":"SIN_RESPUESTA*"}],"resumen":"0/6 modelos acertaron el valor emergente 2672 (la simulación vence a todas las IAs)"}},"costos":{"python_local_automata":{"elapsed_s":1.1289,"energia_J":28.2218,"costo_usd":1.5679e-06},"por_via":{"python_local":{"min":8.988e-05,"max":8.988e-05,"metodo":"estimado (energia × tarifa)"},"qwen2.5:3b":{"min":0.002499,"max":0.002499,"metodo":"medido tiempo × potencia medida × tarifa estimada"},"qwen3:14b":{"min":0.007568,"max":0.007568,"metodo":"medido tiempo × potencia medida × tarifa estimada"},"gpt-oss:20b":{"min":0.017376,"max":0.017376,"metodo":"medido tiempo × potencia medida × tarifa estimada"},"qwen3:32b":{"min":0.057592,"max":0.057592,"metodo":"medido tiempo × potencia medida × tarifa estimada"},"claude-sonnet":{"min":0.3241,"max":1.81,"metodo":"estimado (tokens=chars/3.5; precios Anthropic oficiales jun-2026)"},"claude-opus":{"min":1.6206,"max":9.0501,"metodo":"estimado (tokens=chars/3.5; precios Anthropic oficiales jun-2026)"}}},"graficos_estaticos":["/home/stev/Documentos/repos/FilosofiaNeurociencias/FilosofiaCiudad/03_Trabajos/Ponencia_Yuk_Hui/presentacion/assets/sim/sim_automata_celular_crecimiento_urbano_1.png","/home/stev/Documentos/repos/FilosofiaNeurociencias/FilosofiaCiudad/03_Trabajos/Ponencia_Yuk_Hui/presentacion/assets/sim/sim_automata_celular_crecimiento_urbano_2.png"],"fallback_frames":[{"paso":0,"celdas":9},{"paso":15,"celdas":253},{"paso":30,"celdas":965},{"paso":50,"celdas":2672}]}