{"id":"dla","teoria_id":"dla_batty_longley_fractal","titulo":"La ciudad fractal se agrega partícula a partícula","autor":"Michael Batty y Paul Longley","anio":"1994","formulacion":"DLA: una semilla en el centro; particulas lanzadas desde lejos hacen caminata aleatoria hasta tocar el agregado, donde se pegan, formando un cluster ramificado. La forma resultante tiene dimension fractal D (~1.7 en 2D). La dimension fractal de una forma urbana se mide por mass-radius o box-counting: el numero de celdas ocupadas N dentro de un radio R cumple N(R) ~ R^D; tomando dos radios, D = log(N_2/N_1)/log(R_2/R_1). Equivalentemente en box-counting, N(epsilon) ~ epsilon^(-D) con epsilon el tamano de caja. D in (1,2): D->2 forma compacta llena, D->1 forma lineal/ramificada.","criterio_validacion":"Para un cluster DLA en 2D la dimension fractal medida por mass-radius o box-counting debe caer en D = 1.70 ± 0.10. La regresion log N vs log R debe tener R^2 > 0.97. Para el ejemplo literal de dos puntos, D=1.266 (±0.001).","parametros_simulacion":{"grid_size":201,"n_particles":1500,"seed":3,"launch_margin":5,"kill_margin":40,"centro":[100,100]},"dimension_fractal_simulacion":{"D":1.69275,"R2":0.99887,"intercepto_log":0.83287,"r_min_fit":5.0,"r_max_fit":34.48275862068965,"n_puntos_fit":20,"n_puntos_total":30,"cluster_radius":67},"dimension_fractal_ejemplo_literal":{"N1":158,"R1":10,"N2":380,"R2":20,"D":1.26607,"formula":"D = log(N2/N1) / log(R2/R1)"},"prediccion_q2":{"D":1.7,"N_ref":200,"R_ref":10,"R_nuevo":20,"N_predicho":649.8,"formula":"N(20) = 200 * (20/10)^1.7"},"mass_radius_data":{"radii":[5.0,6.552,8.103,9.655,11.207,12.759,14.31,15.862,17.414,18.966,20.517,22.069,23.621,25.172,26.724,28.276,29.828,31.379,32.931,34.483,36.034,37.586,39.138,40.69,42.241,43.793,45.345,46.897,48.448,50.0],"counts":[37,56,76,101,136,167,201,244,293,348,403,451,502,552,606,657,709,770,834,897,950,1005,1055,1118,1185,1241,1283,1311,1338,1367],"radii_fit":[5.0,6.552,8.103,9.655,11.207,12.759,14.31,15.862,17.414,18.966,20.517,22.069,23.621,25.172,26.724,28.276,29.828,31.379,32.931,34.483],"counts_fit":[37,56,76,101,136,167,201,244,293,348,403,451,502,552,606,657,709,770,834,897]},"cluster_celdas_totales":1501,"criterio_D_valido":{"D_sim":1.69275,"R2":0.99887,"rango":[1.6,1.8],"cumplido":true},"panel":{"formula":"D = log(N₂/N₁) / log(R₂/R₁)","referencia":"Batty & Longley 1994","D_sim":1.69275,"R2_sim":0.99887,"D_ejemplo":1.26607,"D_ejemplo_datos":{"N1":158,"R1":10,"N2":380,"R2":20},"preguntas":[{"n":16,"tipo":"forma_cerrada","valor_exacto":"1.266","tolerancia":"±0.01 (1.266)","veredictos":{"qwen2.5:3b":"CORRECTO","qwen3:14b":"CORRECTO","gpt-oss:20b":"CORRECTO","qwen3:32b":"CORRECTO","claude-sonnet":"CORRECTO","claude-opus":"CORRECTO"}},{"n":17,"tipo":"forma_cerrada","valor_exacto":"649.8","tolerancia":"±1% (649.8)","veredictos":{"qwen2.5:3b":"INCORRECTO","qwen3:14b":"CORRECTO","gpt-oss:20b":"CORRECTO","qwen3:32b":"CORRECTO","claude-sonnet":"CORRECTO","claude-opus":"CORRECTO"}},{"n":18,"tipo":"emergente","valor_exacto":"1.693","tolerancia":"±0.12 en torno a 1.71","veredictos":{"qwen2.5:3b":"SIN_RESPUESTA*","qwen3:14b":"CORRECTO","gpt-oss:20b":"CORRECTO","qwen3:32b":"CORRECTO","claude-sonnet":"CORRECTO","claude-opus":"CORRECTO"}}],"rendimiento_sujetos":{"qwen2.5:3b":{"aciertos":1,"total":3,"exactitud":0.3333},"qwen3:14b":{"aciertos":3,"total":3,"exactitud":1.0},"gpt-oss:20b":{"aciertos":3,"total":3,"exactitud":1.0},"qwen3:32b":{"aciertos":3,"total":3,"exactitud":1.0},"claude-sonnet":{"aciertos":3,"total":3,"exactitud":1.0},"claude-opus":{"aciertos":3,"total":3,"exactitud":1.0}}},"vias_costo":{"python_local":{"descripcion":"13 simulaciones clásicas en este portátil","costo_usd":{"valor":8.988e-05,"metodo":"estimado (energia × tarifa)"},"aciertos_total":13,"total":13},"qwen2.5:3b":{"descripcion":"Modelo local Ollama en kratos (RTX 5070 Ti)","costo_usd":{"valor":0.002499,"metodo":"medido tiempo × potencia medida × tarifa estimada"},"aciertos_total":17,"total":49},"qwen3:14b":{"descripcion":"Modelo local Ollama en kratos (RTX 5070 Ti)","costo_usd":{"valor":0.007568,"metodo":"medido tiempo × potencia medida × tarifa estimada"},"aciertos_total":32,"total":49},"gpt-oss:20b":{"descripcion":"Modelo local Ollama en kratos (RTX 5070 Ti)","costo_usd":{"valor":0.017376,"metodo":"medido tiempo × potencia medida × tarifa estimada"},"aciertos_total":35,"total":49},"qwen3:32b":{"descripcion":"Modelo local Ollama en kratos (RTX 5070 Ti)","costo_usd":{"valor":0.057592,"metodo":"medido tiempo × potencia medida × tarifa estimada"},"aciertos_total":32,"total":49},"claude-sonnet":{"descripcion":"Modelo API Anthropic (claude-sonnet-4.6)","costo_usd":{"rango_min":0.3241,"rango_max":1.81,"metodo":"estimado (tokens=chars/3.5; precios Anthropic oficiales jun-2026)","supuesto_tokens_salida":"500–3000 tokens por respuesta (banda declarada, no medido)"},"aciertos_total":44,"total":49},"claude-opus":{"descripcion":"Modelo API Anthropic (claude-opus-4)","costo_usd":{"rango_min":1.6206,"rango_max":9.0501,"metodo":"estimado (tokens=chars/3.5; precios Anthropic oficiales jun-2026)","supuesto_tokens_salida":"500–3000 tokens por respuesta (banda declarada, no medido)"},"aciertos_total":43,"total":49}},"fallback_png":"assets/sim/sim_dla_batty_longley_fractal_1.png"}
