{
  "teoria": "modelo_gravitacional_flujos",
  "nombre": "Modelo gravitacional de interaccion espacial (flujos de viaje/migracion)",
  "autor": "John Q. Stewart (analogia de cuadrado inverso); raices en Henry Carey (1858) y G. K. Zipf (1946); derivacion entropica de Alan Wilson (1967)",
  "anio": "1948/1967",
  "parametros": {
    "G": 1.0,
    "a": 1.0,
    "b": 1.0,
    "c": 2.0
  },
  "zonas": [
    {
      "id": 1,
      "poblacion": 10000.0,
      "posicion": [
        0.0,
        0.0
      ]
    },
    {
      "id": 2,
      "poblacion": 5000.0,
      "posicion": [
        30.0,
        0.0
      ]
    },
    {
      "id": 3,
      "poblacion": 20000.0,
      "posicion": [
        0.0,
        40.0
      ]
    }
  ],
  "distancias": {
    "d_12": 30.0,
    "d_13": 40.0,
    "d_23": 50.0
  },
  "flujos": {
    "T_12": 55555.555555555555,
    "T_13": 125000.0,
    "T_23": 40000.0,
    "T_21": 55555.555555555555,
    "T_31": 125000.0,
    "T_32": 40000.0
  },
  "flujos_esperados": {
    "T_12": 55555.555555555555,
    "T_13": 125000.0,
    "T_23": 40000.0
  },
  "suma_pares": 220555.55555555556,
  "flujos_salientes": [
    180555.55555555556,
    95555.55555555556,
    165000.0
  ],
  "flujos_entrantes": [
    180555.55555555556,
    95555.55555555556,
    165000.0
  ],
  "validacion": {
    "simetria_ok": true,
    "tolerancia_05pct_ok": true,
    "duplicacion_distancia_ratio": 0.25,
    "c_recuperado_regresion": 2.000000000000008
  },
  "matriz_T_completa": [
    [
      0.0,
      55555.555555555555,
      125000.0
    ],
    [
      55555.555555555555,
      0.0,
      40000.0
    ],
    [
      125000.0,
      40000.0,
      0.0
    ]
  ]
}