{
  "teoria": "dla_batty_longley_fractal",
  "nombre": "Agregacion limitada por difusion (DLA) y dimension fractal urbana de Batty-Longley",
  "autor": "Michael Batty y Paul Longley",
  "anio": "1994",
  "parametros_simulacion": {
    "grid_size": 201,
    "n_particles": 1500,
    "seed": 3,
    "launch_margin": 5,
    "kill_margin": 40,
    "centro": [
      100,
      100
    ]
  },
  "dimension_fractal_simulacion": {
    "D": 1.69275,
    "R2": 0.99887,
    "intercepto_log": 0.83287,
    "r_min_fit": 5.0,
    "r_max_fit": 34.48275862068965,
    "n_puntos_fit": 20,
    "n_puntos_total": 30,
    "cluster_radius": 67
  },
  "dimension_fractal_ejemplo_literal": {
    "N1": 158,
    "R1": 10,
    "N2": 380,
    "R2": 20,
    "D": 1.26607,
    "formula": "D = log(N2/N1) / log(R2/R1)"
  },
  "prediccion_q2": {
    "D": 1.7,
    "N_ref": 200,
    "R_ref": 10,
    "R_nuevo": 20,
    "N_predicho": 649.8,
    "formula": "N(20) = 200 * (20/10)^1.7"
  },
  "mass_radius_data": {
    "radii": [
      5.0,
      6.552,
      8.103,
      9.655,
      11.207,
      12.759,
      14.31,
      15.862,
      17.414,
      18.966,
      20.517,
      22.069,
      23.621,
      25.172,
      26.724,
      28.276,
      29.828,
      31.379,
      32.931,
      34.483,
      36.034,
      37.586,
      39.138,
      40.69,
      42.241,
      43.793,
      45.345,
      46.897,
      48.448,
      50.0
    ],
    "counts": [
      37,
      56,
      76,
      101,
      136,
      167,
      201,
      244,
      293,
      348,
      403,
      451,
      502,
      552,
      606,
      657,
      709,
      770,
      834,
      897,
      950,
      1005,
      1055,
      1118,
      1185,
      1241,
      1283,
      1311,
      1338,
      1367
    ],
    "radii_fit": [
      5.0,
      6.552,
      8.103,
      9.655,
      11.207,
      12.759,
      14.31,
      15.862,
      17.414,
      18.966,
      20.517,
      22.069,
      23.621,
      25.172,
      26.724,
      28.276,
      29.828,
      31.379,
      32.931,
      34.483
    ],
    "counts_fit": [
      37,
      56,
      76,
      101,
      136,
      167,
      201,
      244,
      293,
      348,
      403,
      451,
      502,
      552,
      606,
      657,
      709,
      770,
      834,
      897
    ]
  },
  "cluster_celdas_totales": 1501
}