{
  "teoria": "duncan_disimilitud",
  "autor": "Otis Dudley Duncan y Beverly Duncan",
  "anio": "1955",
  "experimento_principal": {
    "grupo_A": [
      40.0,
      30.0,
      20.0,
      10.0
    ],
    "grupo_B": [
      10.0,
      20.0,
      30.0,
      40.0
    ],
    "total_A": 100.0,
    "total_B": 100.0,
    "proporciones_A": [
      0.4,
      0.3,
      0.2,
      0.1
    ],
    "proporciones_B": [
      0.1,
      0.2,
      0.3,
      0.4
    ],
    "diferencias_absolutas": [
      0.30000000000000004,
      0.09999999999999998,
      0.09999999999999998,
      0.30000000000000004
    ],
    "suma_diferencias": 0.8,
    "D": 0.4,
    "D_esperado": 0.4,
    "n_tracts": 4,
    "distribucion_uniforme_referencia": 0.25
  },
  "pregunta_2": {
    "grupo_A": [
      50.0,
      30.0,
      20.0
    ],
    "grupo_B": [
      20.0,
      30.0,
      50.0
    ],
    "diferencias": [
      0.3,
      0.0,
      0.3
    ],
    "suma_diferencias": 0.6,
    "D": 0.3,
    "D_esperado": 0.3
  },
  "pregunta_3_schelling": {
    "fuente_rejilla": "sim_schelling_segregacion.simular()['grid_final']",
    "tamano_rejilla": 50,
    "composicion": "45% Rojo, 45% Azul, 10% vacio",
    "umbral_T": 0.3,
    "semilla": 42,
    "max_iter": 200,
    "iteracion_convergencia": 14,
    "bloques": 25,
    "tamano_bloque": "10x10",
    "rojos_por_bloque": [
      48.0,
      37.0,
      35.0,
      46.0,
      33.0,
      55.0,
      50.0,
      38.0,
      29.0,
      47.0,
      19.0,
      45.0,
      69.0,
      50.0,
      64.0,
      65.0,
      56.0,
      52.0,
      21.0,
      30.0,
      53.0,
      55.0,
      33.0,
      37.0,
      58.0
    ],
    "azules_por_bloque": [
      45.0,
      53.0,
      54.0,
      46.0,
      56.0,
      36.0,
      40.0,
      51.0,
      62.0,
      41.0,
      69.0,
      42.0,
      23.0,
      41.0,
      32.0,
      25.0,
      38.0,
      36.0,
      71.0,
      63.0,
      30.0,
      35.0,
      57.0,
      53.0,
      26.0
    ],
    "total_rojos": 1125,
    "total_azules": 1125,
    "contribuciones_D_por_tract": [
      0.0013333333333333322,
      0.00711111111111111,
      0.008444444444444445,
      0.0,
      0.010222222222222221,
      0.008444444444444445,
      0.004444444444444445,
      0.005777777777777781,
      0.014666666666666666,
      0.0026666666666666644,
      0.02222222222222222,
      0.0013333333333333322,
      0.020444444444444442,
      0.004,
      0.014222222222222223,
      0.017777777777777774,
      0.008,
      0.00711111111111111,
      0.022222222222222227,
      0.014666666666666666,
      0.010222222222222221,
      0.00888888888888889,
      0.010666666666666666,
      0.00711111111111111,
      0.014222222222222223
    ],
    "D_schelling": 0.2462222222222222
  },
  "validacion": {
    "D_identico": 0.0,
    "D_experimento": 0.4,
    "D_escalado_a_x7.3": 0.4,
    "criterios_superados": true
  }
}